Environment,Plot,Genotype,Rep,Block,Row,Column,Line.type,Yield
Env1,59,1,1,2,2,19,Entry,5873.2922
Env1,19,2,1,1,1,19,Entry,5843.6048
Env1,27,3,1,1,1,27,Entry,5776.7444
Env1,127,4,1,4,4,7,Entry,6283.8298
Env1,132,5,1,4,4,12,Entry,5703.4884
Env1,92,6,1,3,3,12,Entry,6357.5584
Env1,106,7,1,3,3,26,Entry,3461.1556
Env1,82,8,1,3,3,2,Entry,5752.9254
Env1,199,9,1,5,5,39,Entry,4124.9999
Env1,57,10,1,2,2,17,Entry,4676.5988
Env1,68,11,1,2,2,28,Entry,5468.0232
Env1,44,12,1,2,2,4,Entry,5585.5739
Env1,131,13,1,4,4,11,Entry,7333.1216
Env1,96,14,1,3,3,16,Entry,3704.6513
Env1,145,15,1,4,4,25,Entry,5980.8142
Env1,163,16,1,5,5,3,Entry,5424.8546
Env1,3,17,1,1,1,3,Entry,4948.0377
Env1,24,18,1,1,1,24,Entry,5839.6076
Env1,38,19,1,1,1,38,Entry,5344.3316
Env1,181,20,1,5,5,21,Entry,6247.6747
Env1,75,21,1,2,2,35,Entry,4671.875
Env1,21,22,1,1,1,21,Entry,5575.4362
Env1,200,23,1,5,5,40,Entry,5443.75
Env1,190,24,1,5,5,30,Entry,5311.0465
Env1,134,25,1,4,4,14,Entry,6041.8602
Env1,60,26,1,2,2,20,Entry,5506.8317
Env1,161,27,1,5,5,1,Entry,4747.2746
Env1,12,28,1,1,1,12,Entry,4798.8733
Env1,49,29,1,2,2,9,Entry,5225.5816
Env1,72,30,1,2,2,32,Entry,4801.9622
Env1,193,31,1,5,5,33,Entry,4652.1804
Env1,122,32,1,4,4,2,Entry,4179.1423
Env1,133,33,1,4,4,13,Entry,6724.8306
Env1,119,34,1,3,3,39,Entry,5293.5501
Env1,180,35,1,5,5,20,Entry,5963.1901
Env1,53,36,1,2,2,13,Entry,5208.4304
Env1,164,37,1,5,5,4,Entry,5798.9825
Env1,171,38,1,5,5,11,Entry,5606.7588
Env1,35,39,1,1,1,35,Entry,4781.25
Env1,176,40,1,5,5,16,Entry,4071.9478
Env1,198,41,1,5,5,38,Entry,5125
Env1,124,42,1,4,4,4,Entry,4286.2282
Env1,187,43,1,5,5,27,Entry,4709.3025
Env1,1,44,1,1,1,1,Entry,4956.3953
Env1,66,45,1,2,2,26,Entry,4742.0058
Env1,86,46,1,3,3,6,Entry,4156.9767
Env1,148,47,1,4,4,28,Entry,5238.0231
Env1,40,48,1,1,1,40,Entry,4757.1586
Env1,182,49,1,5,5,22,Entry,5103.7062
Env1,16,50,1,1,1,16,Entry,5691.3156
Env1,144,51,1,4,4,24,Entry,5176.4896
Env1,62,52,1,2,2,22,Entry,5730.6688
Env1,88,53,1,3,3,8,Entry,4557.5947
Env1,153,54,1,4,4,33,Entry,4087.6091
Env1,150,55,1,4,4,30,Entry,4551.0175
Env1,46,56,1,2,2,6,Entry,5525.5816
Env1,81,57,1,3,3,1,Entry,5160.7556
Env1,101,58,1,3,3,21,Entry,6233.2123
Env1,15,59,1,1,1,15,Entry,4071.9478
Env1,32,60,1,1,1,32,Entry,4334.6888
Env1,76,61,1,2,2,36,Entry,4165.9158
Env1,168,62,1,5,5,8,Entry,3807.6306
Env1,123,63,1,4,4,3,Entry,4481.8314
Env1,93,64,1,3,3,13,Entry,6844.295
Env1,195,65,1,5,5,35,Entry,5658.7936
Env1,13,66,1,1,1,13,Entry,6342.8417
Env1,147,67,1,4,4,27,Entry,5499.0917
Env1,146,68,1,4,4,26,Entry,4071.9478
Env1,121,69,1,4,4,1,Entry,5000
Env1,58,70,1,2,2,18,Entry,5000
Env1,142,71,1,4,4,22,Entry,4720.2033
Env1,158,72,1,4,4,38,Entry,3746.4572
Env1,33,73,1,1,1,33,Entry,4081.3955
Env1,29,74,1,1,1,29,Entry,5341.9799
Env1,11,75,1,1,1,11,Entry,4801.5623
Env1,117,76,1,3,3,37,Entry,4552.3258
Env1,67,77,1,2,2,27,Entry,4062.5
Env1,98,78,1,3,3,18,Entry,4153.7789
Env1,125,79,1,4,4,5,Entry,4876.4534
Env1,138,80,1,4,4,18,Entry,4937.4091
Env1,102,81,1,3,3,22,Entry,5361.9185
Env1,113,82,1,3,3,33,Entry,5713.9537
Env1,54,83,1,2,2,14,Entry,5526.3808
Env1,26,84,1,1,1,26,Entry,5046.5115
Env1,192,85,1,5,5,32,Entry,5456.5406
Env1,37,86,1,1,1,37,Entry,4165.9158
Env1,157,87,1,4,4,37,Entry,3546.875
Env1,109,88,1,3,3,29,Entry,4299.4186
Env1,155,89,1,4,4,35,Entry,4504.1427
Env1,85,90,1,3,3,5,Entry,5588.3723
Env1,126,91,1,4,4,6,Entry,5127.9071
Env1,31,92,1,1,1,31,Entry,6076.599
Env1,84,93,1,3,3,4,Entry,6419.4765
Env1,23,94,1,1,1,23,Entry,5992.7324
Env1,7,95,1,1,1,7,Entry,6786.1374
Env1,154,96,1,4,4,34,Entry,5461.8095
Env1,45,97,1,2,2,5,Entry,4175.5816
Env1,78,98,1,2,2,38,Entry,6504.3606
Env1,56,99,1,2,2,16,Entry,5011.628
Env1,156,100,1,4,4,36,Entry,6041.3154
Env1,61,101,1,2,2,21,Entry,5400.0002
Env1,94,102,1,3,3,14,Entry,5424.8185
Env1,135,103,1,4,4,15,Entry,6859.884
Env1,112,104,1,3,3,32,Entry,4803.4886
Env1,95,105,1,3,3,15,Entry,5138.2629
Env1,80,106,1,2,2,40,Entry,6733.4416
Env1,41,107,1,2,2,1,Entry,4875
Env1,18,108,1,1,1,18,Entry,4472.9651
Env1,83,109,1,3,3,3,Entry,6184.884
Env1,91,110,1,3,3,11,Entry,6437.5
Env1,100,111,1,3,3,20,Entry,5521.4028
Env1,177,112,1,5,5,17,Entry,5953.125
Env1,172,113,1,5,5,12,Entry,6852.1982
Env1,10,114,1,1,1,10,Entry,4423.9035
Env1,64,115,1,2,2,24,Entry,6144.3055
Env1,6,116,1,1,1,6,Entry,4473.9461
Env1,151,117,1,4,4,31,Entry,3924.4188
Env1,167,118,1,5,5,7,Entry,4778.4156
Env1,185,119,1,5,5,25,Entry,5280.1234
Env1,129,120,1,4,4,9,Entry,5237.7906
Env1,52,121,1,2,2,12,Entry,6863.8081
Env1,39,122,1,1,1,39,Entry,4688.7353
Env1,5,123,1,1,1,5,Entry,4456.7587
Env1,137,124,1,4,4,17,Entry,4967.6599
Env1,165,125,1,5,5,5,Entry,6018.4593
Env1,160,126,1,4,4,40,Entry,4604.4332
Env1,51,127,1,2,2,11,Entry,6827.8346
Env1,69,128,1,2,2,29,Entry,4426.3625
Env1,34,129,1,1,1,34,Entry,4767.4053
Env1,162,130,1,5,5,2,Entry,6197.0565
Env1,2,131,1,1,1,2,Entry,5059.2067
Env1,136,132,1,4,4,16,Entry,4171.875
Env1,196,133,1,5,5,36,Entry,4922.6019
Env1,71,134,1,2,2,31,Entry,5136.9187
Env1,36,135,1,1,1,36,Entry,4348.256
Env1,103,136,1,3,3,23,Entry,6269.3675
Env1,73,137,1,2,2,33,Entry,5812.5
Env1,43,138,1,2,2,3,Entry,5538.6631
Env1,194,139,1,5,5,34,Entry,6388.0084
Env1,169,140,1,5,5,9,Entry,5989.5714
Env1,20,141,1,1,1,20,Entry,4945.1307
Env1,17,142,1,1,1,17,Entry,3656.25
Env1,79,143,1,2,2,39,Entry,6311.519
Env1,140,144,1,4,4,20,Entry,6288.8082
Env1,197,145,1,5,5,37,Entry,5861.9407
Env1,4,146,1,1,1,4,Entry,6012.6582
Env1,128,147,1,4,4,8,Entry,5625
Env1,47,148,1,2,2,7,Entry,4300.872
Env1,97,149,1,3,3,17,Entry,4814.6073
Env1,14,150,1,1,1,14,Entry,5556.977
Env1,22,151,1,1,1,22,Entry,4716.22
Env1,141,152,1,4,4,21,Entry,5639.8256
Env1,191,153,1,5,5,31,Entry,3924.4188
Env1,189,154,1,5,5,29,Entry,5172.874
Env1,159,155,1,4,4,39,Entry,5734.375
Env1,118,156,1,3,3,38,Entry,6283.4301
Env1,166,157,1,5,5,6,Entry,5380.596
Env1,114,158,1,3,3,34,Entry,5201.943
Env1,42,159,1,2,2,2,Entry,5915.6242
Env1,116,160,1,3,3,36,Entry,5019.5493
Env1,28,161,1,1,1,28,Entry,5843.75
Env1,107,162,1,3,3,27,Entry,5415.6979
Env1,115,163,1,3,3,35,Entry,6417.5145
Env1,87,164,1,3,3,7,Entry,6012.2095
Env1,188,165,1,5,5,28,Entry,5005.814
Env1,183,166,1,5,5,23,Entry,4709.3025
Env1,30,167,1,1,1,30,Entry,4794.3038
Env1,178,168,1,5,5,18,Entry,6248.8737
Env1,186,169,1,5,5,26,Entry,4245.7847
Env1,130,170,1,4,4,10,Entry,5375
Env1,99,171,1,3,3,19,Entry,3376.6353
Env1,104,172,1,3,3,24,Entry,5044.7858
Env1,8,173,1,1,1,8,Entry,5572.6746
Env1,120,174,1,3,3,40,Entry,5579.7601
Env1,50,175,1,2,2,10,Entry,5907.0674
Env1,170,176,1,5,5,10,Entry,4984.375
Env1,152,177,1,4,4,32,Entry,4933.3213
Env1,63,178,1,2,2,23,Entry,5240
Env1,89,179,1,3,3,9,Entry,4338.1905
Env1,77,180,1,2,2,37,Entry,5240
Env1,105,181,1,3,3,25,Entry,4119.1861
Env1,55,182,1,2,2,15,Entry,4446.2211
Env1,184,183,1,5,5,24,Entry,6070.8028
Env1,70,184,1,2,2,30,Entry,5240
Env1,110,185,1,3,3,30,Entry,5337.2095
Env1,174,186,1,5,5,14,Entry,4437.8635
Env1,65,187,1,2,2,25,Entry,5502.7979
Env1,139,188,1,4,4,19,Entry,7010.9009
Env1,179,189,1,5,5,19,Entry,4515.2255
Env1,108,190,1,3,3,28,Entry,5091.9334
Env1,149,191,1,4,4,29,Entry,4635.0291
Env1,175,192,1,5,5,15,Entry,5411.3375
Env1,173,193,1,5,5,13,Check,5290.6975
Env1,143,194,1,4,4,23,Check,5230.8867
Env1,90,195,1,3,3,10,Check,5902.3258
Env1,9,196,1,1,1,9,Check,5450.1455
Env1,111,197,1,3,3,31,Check,5341.57
Env1,48,198,1,2,2,8,Check,4765.625
Env1,74,199,1,2,2,34,Check,5933.7212
Env1,25,200,1,1,1,25,Check,4214.2442
Env1,396,1,2,5,10,36,Entry,5000
Env1,237,2,2,1,6,37,Entry,5148.2557
Env1,230,3,2,1,6,30,Entry,5084.3023
Env1,241,4,2,2,7,1,Entry,7146.8566
Env1,216,5,2,1,6,16,Entry,5125
Env1,381,6,2,5,10,21,Entry,5348.1688
Env1,319,7,2,3,8,39,Entry,4407.7126
Env1,336,8,2,4,9,16,Entry,5951.3083
Env1,320,9,2,3,8,40,Entry,3461.2501
Env1,256,10,2,2,7,16,Entry,5331.0321
Env1,347,11,2,4,9,27,Entry,5148.2557
Env1,262,12,2,2,7,22,Entry,5735.8284
Env1,374,13,2,5,10,14,Entry,6423.6195
Env1,297,14,2,3,8,17,Entry,3915.3344
Env1,364,15,2,5,10,4,Entry,4923.5645
Env1,359,16,2,4,9,39,Entry,4635.7559
Env1,334,17,2,4,9,14,Entry,5937.5
Env1,370,18,2,5,10,10,Entry,6455.6962
Env1,290,19,2,3,8,10,Entry,5026.5261
Env1,246,20,2,2,7,6,Entry,6385.5924
Env1,354,21,2,4,9,34,Entry,5372.093
Env1,300,22,2,3,8,20,Entry,5378.0886
Env1,236,23,2,1,6,36,Entry,4405.5231
Env1,243,24,2,2,7,3,Entry,6125.9447
Env1,277,25,2,2,7,37,Entry,5588.3723
Env1,248,26,2,2,7,8,Entry,6358.503
Env1,245,27,2,2,7,5,Entry,5549.9998
Env1,346,28,2,4,9,26,Entry,5478.4886
Env1,202,29,2,1,6,2,Entry,4138.0449
Env1,350,30,2,4,9,30,Entry,4395.349
Env1,352,31,2,4,9,32,Entry,4041.7153
Env1,274,32,2,2,7,34,Entry,4875
Env1,386,33,2,5,10,26,Entry,6299.4185
Env1,362,34,2,5,10,2,Entry,4218.3867
Env1,218,35,2,1,6,18,Entry,5232.013
Env1,375,36,2,5,10,15,Entry,4734.375
Env1,317,37,2,3,8,37,Entry,5052.3255
Env1,249,38,2,2,7,9,Entry,6326.2721
Env1,398,39,2,5,10,38,Entry,5196.5117
Env1,260,40,2,2,7,20,Entry,5046.5115
Env1,399,41,2,5,10,39,Entry,4604.6511
Env1,209,42,2,1,6,9,Entry,4299.4186
Env1,308,43,2,3,8,28,Entry,4081.3955
Env1,376,44,2,5,10,16,Entry,4828.125
Env1,340,45,2,4,9,20,Entry,5468.0232
Env1,329,46,2,4,9,9,Entry,5046.5842
Env1,213,47,2,1,6,13,Entry,5069.7675
Env1,265,48,2,2,7,25,Entry,4725.0002
Env1,333,49,2,4,9,13,Entry,5638.0815
Env1,215,50,2,1,6,15,Entry,6638.8081
Env1,225,51,2,1,6,25,Entry,4660.2469
Env1,233,52,2,1,6,33,Entry,4965.1165
Env1,287,53,2,3,8,7,Entry,4936.1191
Env1,252,54,2,2,7,12,Entry,4754.5421
Env1,313,55,2,3,8,33,Entry,4988.372
Env1,380,56,2,5,10,20,Entry,5069.7675
Env1,310,57,2,3,8,30,Entry,4929.07
Env1,384,58,2,5,10,24,Entry,6781.3956
Env1,296,59,2,3,8,16,Entry,5213.5466
Env1,394,60,2,5,10,34,Entry,4184.8382
Env1,372,61,2,5,10,12,Entry,5208.4304
Env1,325,62,2,4,9,5,Entry,3992.1513
Env1,377,63,2,5,10,17,Entry,4525.0219
Env1,254,64,2,2,7,14,Entry,6153.4303
Env1,311,65,2,3,8,31,Entry,4835.9192
Env1,332,66,2,4,9,12,Entry,5902.3258
Env1,351,67,2,4,9,31,Entry,5572.6746
Env1,229,68,2,1,6,29,Entry,3366.4245
Env1,322,69,2,4,9,2,Entry,5069.7675
Env1,339,70,2,4,9,19,Entry,5354.041
Env1,261,71,2,2,7,21,Entry,4971.1484
Env1,258,72,2,2,7,18,Entry,4718.75
Env1,272,73,2,2,7,32,Entry,5180.2328
Env1,348,74,2,4,9,28,Entry,5078.125
Env1,227,75,2,1,6,27,Entry,5066.3515
Env1,276,76,2,2,7,36,Entry,5244.4043
Env1,305,77,2,3,8,25,Entry,3723.0742
Env1,280,78,2,2,7,40,Entry,4731.1045
Env1,335,79,2,4,9,15,Entry,5437.5
Env1,203,80,2,1,6,3,Entry,4526.1265
Env1,314,81,2,3,8,34,Entry,4509.4477
Env1,234,82,2,1,6,34,Entry,4770.1307
Env1,298,83,2,3,8,18,Entry,5850.7993
Env1,307,84,2,3,8,27,Entry,5951.3083
Env1,303,85,2,3,8,23,Entry,5349.5637
Env1,239,86,2,1,6,39,Entry,5244.186
Env1,293,87,2,3,8,13,Entry,4534.9928
Env1,378,88,2,5,10,18,Entry,4764.5348
Env1,316,89,2,3,8,36,Entry,5337.5002
Env1,400,90,2,5,10,40,Entry,4731.1045
Env1,222,91,2,1,6,22,Entry,5381.0317
Env1,283,92,2,3,8,3,Entry,6371.2208
Env1,267,93,2,2,7,27,Entry,5703.4884
Env1,221,94,2,1,6,21,Entry,5621.5115
Env1,223,95,2,1,6,23,Entry,6429.9422
Env1,304,96,2,3,8,24,Entry,5244.186
Env1,284,97,2,3,8,4,Entry,4726.9624
Env1,204,98,2,1,6,4,Entry,5937.5
Env1,242,99,2,2,7,2,Entry,5667.6597
Env1,397,100,2,5,10,37,Entry,5017.8781
Env1,344,101,2,4,9,24,Entry,4363.9537
Env1,345,102,2,4,9,25,Entry,5275.4363
Env1,328,103,2,4,9,8,Entry,7252.3621
Env1,271,104,2,2,7,31,Entry,5116.279
Env1,226,105,2,1,6,26,Entry,5324.8548
Env1,238,106,2,1,6,38,Entry,6015.625
Env1,232,107,2,1,6,32,Entry,4504.1427
Env1,365,108,2,5,10,5,Entry,5337.2095
Env1,219,109,2,1,6,19,Entry,5855.2328
Env1,330,110,2,4,9,10,Entry,7047.6019
Env1,302,111,2,3,8,22,Entry,4920.3487
Env1,214,112,2,1,6,14,Entry,5148.8374
Env1,331,113,2,4,9,11,Entry,6811.0467
Env1,288,114,2,3,8,8,Entry,4960.4653
Env1,383,115,2,5,10,23,Entry,5965.1165
Env1,205,116,2,1,6,5,Entry,5140.625
Env1,390,117,2,5,10,30,Entry,4279.651
Env1,210,118,2,1,6,10,Entry,4868.4593
Env1,306,119,2,3,8,26,Entry,5996.5119
Env1,250,120,2,2,7,10,Entry,5980.8142
Env1,289,121,2,3,8,9,Entry,6233.2123
Env1,356,122,2,4,9,36,Entry,5337.2095
Env1,327,123,2,4,9,7,Entry,5203.125
Env1,247,124,2,2,7,7,Entry,5606.7588
Env1,257,125,2,2,7,17,Entry,6718.75
Env1,355,126,2,4,9,35,Entry,4718.75
Env1,253,127,2,2,7,13,Entry,6725.5632
Env1,312,128,2,3,8,32,Entry,4235.865
Env1,353,129,2,4,9,33,Entry,5779.0335
Env1,231,130,2,1,6,31,Entry,5403.1614
Env1,244,131,2,2,7,4,Entry,5166.8244
Env1,235,132,2,1,6,35,Entry,3529.0334
Env1,278,133,2,2,7,38,Entry,5436.0464
Env1,266,134,2,2,7,26,Entry,5250
Env1,275,135,2,2,7,35,Entry,5011.628
Env1,324,136,2,4,9,4,Entry,5583.7211
Env1,294,137,2,3,8,14,Entry,5324.8548
Env1,301,138,2,3,8,21,Entry,4719.7674
Env1,217,139,2,1,6,17,Entry,5704.8513
Env1,206,140,2,1,6,6,Entry,5685.0655
Env1,367,141,2,5,10,7,Entry,5875
Env1,338,142,2,4,9,18,Entry,3608.1394
Env1,268,143,2,2,7,28,Entry,5677.3254
Env1,342,144,2,4,9,22,Entry,6858.067
Env1,212,145,2,1,6,12,Entry,6670.4215
Env1,299,146,2,3,8,19,Entry,6559.7747
Env1,369,147,2,5,10,9,Entry,5767.8051
Env1,326,148,2,4,9,6,Entry,5142.8781
Env1,366,149,2,5,10,6,Entry,5244.186
Env1,361,150,2,5,10,1,Entry,4842.4856
Env1,343,151,2,4,9,23,Entry,5664.2439
Env1,318,152,2,3,8,38,Entry,6292.1694
Env1,224,153,2,1,6,24,Entry,4840.9886
Env1,240,154,2,1,6,40,Entry,5475.0003
Env1,371,155,2,5,10,11,Entry,5873.0016
Env1,323,156,2,4,9,3,Entry,5180.2328
Env1,368,157,2,5,10,8,Entry,5671.875
Env1,395,158,2,5,10,35,Entry,4328.2242
Env1,363,159,2,5,10,3,Entry,5761.0467
Env1,286,160,2,3,8,6,Entry,5211.6281
Env1,269,161,2,2,7,29,Entry,6458.3937
Env1,388,162,2,5,10,28,Entry,4774.7095
Env1,255,163,2,2,7,15,Entry,5866.5696
Env1,382,164,2,5,10,22,Entry,6842.7998
Env1,389,165,2,5,10,29,Entry,5375
Env1,315,166,2,3,8,35,Entry,5113.0813
Env1,385,167,2,5,10,25,Entry,5361.9185
Env1,282,168,2,3,8,2,Entry,7130.8139
Env1,273,169,2,2,7,33,Entry,5237.7906
Env1,360,170,2,4,9,40,Entry,4986.4642
Env1,220,171,2,1,6,20,Entry,4346.8386
Env1,341,172,2,4,9,21,Entry,5755.8139
Env1,251,173,2,2,7,11,Entry,6299.4916
Env1,281,174,2,3,8,1,Entry,6710.4285
Env1,321,175,2,4,9,1,Entry,5122.093
Env1,292,176,2,3,8,12,Entry,6056.9588
Env1,208,177,2,1,6,8,Entry,5418.7498
Env1,264,178,2,2,7,24,Entry,5240
Env1,392,179,2,5,10,32,Entry,5233.8374
Env1,358,180,2,4,9,38,Entry,5240
Env1,201,181,2,1,6,1,Entry,5261.628
Env1,387,182,2,5,10,27,Entry,3688.9536
Env1,379,183,2,5,10,19,Entry,5011.628
Env1,391,184,2,5,10,31,Entry,5240
Env1,349,185,2,4,9,29,Entry,4537.5
Env1,295,186,2,3,8,15,Entry,5058.612
Env1,291,187,2,3,8,11,Entry,6154.9056
Env1,285,188,2,3,8,5,Entry,7873.9279
Env1,228,189,2,1,6,28,Entry,3652.253
Env1,263,190,2,2,7,23,Entry,4458.1397
Env1,270,191,2,2,7,30,Entry,3934.9565
Env1,207,192,2,1,6,7,Entry,4486.9186
Env1,309,193,2,3,8,29,Check,4790.1161
Env1,393,194,2,5,10,33,Check,5170.2238
Env1,211,195,2,1,6,11,Check,5148.8374
Env1,373,196,2,5,10,13,Check,5582.7033
Env1,357,197,2,4,9,37,Check,4375.5089
Env1,259,198,2,2,7,19,Check,5781.1303
Env1,279,199,2,2,7,39,Check,5334.3205
Env1,337,200,2,4,9,17,Check,5125
Env2,59,1,1,2,2,19,Entry,4093.9921
Env2,19,2,1,1,1,19,Entry,4323.7074
Env2,27,3,1,1,1,27,Entry,4636.7462
Env2,127,4,1,4,4,7,Entry,6550.0674
Env2,132,5,1,4,4,12,Entry,5656.6347
Env2,92,6,1,3,3,12,Entry,5036.1539
Env2,106,7,1,3,3,26,Entry,4756.3341
Env2,82,8,1,3,3,2,Entry,5127.4782
Env2,199,9,1,5,5,39,Entry,3919.8288
Env2,57,10,1,2,2,17,Entry,4263.5658
Env2,68,11,1,2,2,28,Entry,6277.1792
Env2,44,12,1,2,2,4,Entry,5278.2047
Env2,131,13,1,4,4,11,Entry,5998.2982
Env2,96,14,1,3,3,16,Entry,5374.4581
Env2,145,15,1,4,4,25,Entry,5075.1968
Env2,163,16,1,5,5,3,Entry,3891.9855
Env2,3,17,1,1,1,3,Entry,5106.353
Env2,24,18,1,1,1,24,Entry,4837.5937
Env2,38,19,1,1,1,38,Entry,4202.7987
Env2,181,20,1,5,5,21,Entry,4587.156
Env2,75,21,1,2,2,35,Entry,5942.691
Env2,21,22,1,1,1,21,Entry,5788.6253
Env2,200,23,1,5,5,40,Entry,6421.7314
Env2,190,24,1,5,5,30,Entry,6194.0774
Env2,134,25,1,4,4,14,Entry,5041.1609
Env2,60,26,1,2,2,20,Entry,5304.6116
Env2,161,27,1,5,5,1,Entry,3888.372
Env2,12,28,1,1,1,12,Entry,5347.4191
Env2,49,29,1,2,2,9,Entry,4979.0987
Env2,72,30,1,2,2,32,Entry,4754.3134
Env2,193,31,1,5,5,33,Entry,4798.6385
Env2,122,32,1,4,4,2,Entry,6133.2109
Env2,133,33,1,4,4,13,Entry,4995.6029
Env2,119,34,1,3,3,39,Entry,5028.3609
Env2,180,35,1,5,5,20,Entry,4243.2329
Env2,53,36,1,2,2,13,Entry,3964.0591
Env2,164,37,1,5,5,4,Entry,5346.2163
Env2,171,38,1,5,5,11,Entry,4803.6016
Env2,35,39,1,1,1,35,Entry,5038.7599
Env2,176,40,1,5,5,16,Entry,2975.3762
Env2,198,41,1,5,5,38,Entry,4663.2339
Env2,124,42,1,4,4,4,Entry,4647.3188
Env2,187,43,1,5,5,27,Entry,5573.9533
Env2,1,44,1,1,1,1,Entry,5835.6325
Env2,66,45,1,2,2,26,Entry,6427.0612
Env2,86,46,1,3,3,6,Entry,5014.1803
Env2,148,47,1,4,4,28,Entry,4595.9547
Env2,40,48,1,1,1,40,Entry,4012.6218
Env2,182,49,1,5,5,22,Entry,5514.8798
Env2,16,50,1,1,1,16,Entry,4780.7853
Env2,144,51,1,4,4,24,Entry,5245.088
Env2,62,52,1,2,2,22,Entry,5915.2134
Env2,88,53,1,3,3,8,Entry,5848.1529
Env2,153,54,1,4,4,33,Entry,5020.5911
Env2,150,55,1,4,4,30,Entry,5069.4837
Env2,46,56,1,2,2,6,Entry,4481.9861
Env2,81,57,1,3,3,1,Entry,3999.4375
Env2,101,58,1,3,3,21,Entry,5593.0233
Env2,15,59,1,1,1,15,Entry,4310.3448
Env2,32,60,1,1,1,32,Entry,4966.4959
Env2,76,61,1,2,2,36,Entry,5745.5541
Env2,168,62,1,5,5,8,Entry,4878.0025
Env2,123,63,1,4,4,3,Entry,5966.6332
Env2,93,64,1,3,3,13,Entry,5303.1905
Env2,195,65,1,5,5,35,Entry,4720.93
Env2,13,66,1,1,1,13,Entry,5521.8604
Env2,147,67,1,4,4,27,Entry,5091.163
Env2,146,68,1,4,4,26,Entry,5259.4659
Env2,121,69,1,4,4,1,Entry,5153.2768
Env2,58,70,1,2,2,18,Entry,4958.6777
Env2,142,71,1,4,4,22,Entry,5510.3361
Env2,158,72,1,4,4,38,Entry,3560.2538
Env2,33,73,1,1,1,33,Entry,5507.2676
Env2,29,74,1,1,1,29,Entry,3841.6815
Env2,11,75,1,1,1,11,Entry,4273.2557
Env2,117,76,1,3,3,37,Entry,5074.5379
Env2,67,77,1,2,2,27,Entry,4222.5068
Env2,98,78,1,3,3,18,Entry,4784.8835
Env2,125,79,1,4,4,5,Entry,5613.9138
Env2,138,80,1,4,4,18,Entry,5178.8157
Env2,102,81,1,3,3,22,Entry,5289.9887
Env2,113,82,1,3,3,33,Entry,4736.2449
Env2,54,83,1,2,2,14,Entry,5487.8049
Env2,26,84,1,1,1,26,Entry,4034.7853
Env2,192,85,1,5,5,32,Entry,4668.0582
Env2,37,86,1,1,1,37,Entry,5328.1762
Env2,157,87,1,4,4,37,Entry,5479.6511
Env2,109,88,1,3,3,29,Entry,5429.851
Env2,155,89,1,4,4,35,Entry,5507.0528
Env2,85,90,1,3,3,5,Entry,5422.2384
Env2,126,91,1,4,4,6,Entry,3379.5949
Env2,31,92,1,1,1,31,Entry,5492.6827
Env2,84,93,1,3,3,4,Entry,5586.5252
Env2,23,94,1,1,1,23,Entry,4123.0621
Env2,7,95,1,1,1,7,Entry,5052.9821
Env2,154,96,1,4,4,34,Entry,5259.4659
Env2,45,97,1,2,2,5,Entry,5724.8059
Env2,78,98,1,2,2,38,Entry,5646.099
Env2,56,99,1,2,2,16,Entry,5800.2735
Env2,156,100,1,4,4,36,Entry,5949.933
Env2,61,101,1,2,2,21,Entry,5099.3219
Env2,94,102,1,3,3,14,Entry,5531.7763
Env2,135,103,1,4,4,15,Entry,6710.3952
Env2,112,104,1,3,3,32,Entry,4883.721
Env2,95,105,1,3,3,15,Entry,4970.93
Env2,80,106,1,2,2,40,Entry,5697.6747
Env2,41,107,1,2,2,1,Entry,4720.93
Env2,18,108,1,1,1,18,Entry,5527.0069
Env2,83,109,1,3,3,3,Entry,5075.2956
Env2,91,110,1,3,3,11,Entry,4995.7457
Env2,100,111,1,3,3,20,Entry,5166.7935
Env2,177,112,1,5,5,17,Entry,5704.4012
Env2,172,113,1,5,5,12,Entry,5608.8239
Env2,10,114,1,1,1,10,Entry,4791.6667
Env2,64,115,1,2,2,24,Entry,5541.3954
Env2,6,116,1,1,1,6,Entry,5814.6801
Env2,151,117,1,4,4,31,Entry,5303.1905
Env2,167,118,1,5,5,7,Entry,4872.093
Env2,185,119,1,5,5,25,Entry,6274.6354
Env2,129,120,1,4,4,9,Entry,5697.6743
Env2,52,121,1,2,2,12,Entry,5698.7036
Env2,39,122,1,1,1,39,Entry,6322.5561
Env2,5,123,1,1,1,5,Entry,5528.3721
Env2,137,124,1,4,4,17,Entry,5150.5062
Env2,165,125,1,5,5,5,Entry,4911.3841
Env2,160,126,1,4,4,40,Entry,5737.7049
Env2,51,127,1,2,2,11,Entry,5228.7455
Env2,69,128,1,2,2,29,Entry,4647.2869
Env2,34,129,1,1,1,34,Entry,5573.3338
Env2,162,130,1,5,5,2,Entry,5454.9416
Env2,2,131,1,1,1,2,Entry,5643.4111
Env2,136,132,1,4,4,16,Entry,4906.7846
Env2,196,133,1,5,5,36,Entry,5012.7025
Env2,71,134,1,2,2,31,Entry,5247.3275
Env2,36,135,1,1,1,36,Entry,7149.6968
Env2,103,136,1,3,3,23,Entry,5123.2464
Env2,73,137,1,2,2,33,Entry,5271.9582
Env2,43,138,1,2,2,3,Entry,5507.0528
Env2,194,139,1,5,5,34,Entry,8464.4321
Env2,169,140,1,5,5,9,Entry,4630.5016
Env2,20,141,1,1,1,20,Entry,6868.7707
Env2,17,142,1,1,1,17,Entry,5222.5507
Env2,79,143,1,2,2,39,Entry,5442.2929
Env2,140,144,1,4,4,20,Entry,5430.3745
Env2,197,145,1,5,5,37,Entry,5028.6008
Env2,4,146,1,1,1,4,Entry,4820.6956
Env2,128,147,1,4,4,8,Entry,6221.9074
Env2,47,148,1,2,2,7,Entry,5631.4994
Env2,97,149,1,3,3,17,Entry,4283.4304
Env2,14,150,1,1,1,14,Entry,5110.7421
Env2,22,151,1,1,1,22,Entry,5560.1429
Env2,141,152,1,4,4,21,Entry,6437.9683
Env2,191,153,1,5,5,31,Entry,5196.2208
Env2,189,154,1,5,5,29,Entry,5304.6116
Env2,159,155,1,4,4,39,Entry,4933.9534
Env2,118,156,1,3,3,38,Entry,6090.1163
Env2,166,157,1,5,5,6,Entry,6044.0479
Env2,114,158,1,3,3,34,Entry,5593.1209
Env2,42,159,1,2,2,2,Entry,5486.167
Env2,116,160,1,3,3,36,Entry,5415.0383
Env2,28,161,1,1,1,28,Entry,5141.2645
Env2,107,162,1,3,3,27,Entry,5638.77
Env2,115,163,1,3,3,35,Entry,5331.5458
Env2,87,164,1,3,3,7,Entry,5153.8276
Env2,188,165,1,5,5,28,Entry,5894.1955
Env2,183,166,1,5,5,23,Entry,5563.1366
Env2,30,167,1,1,1,30,Entry,4994.534
Env2,178,168,1,5,5,18,Entry,6071.3933
Env2,186,169,1,5,5,26,Entry,4958.6777
Env2,130,170,1,4,4,10,Entry,4450.7467
Env2,99,171,1,3,3,19,Entry,5533.9237
Env2,104,172,1,3,3,24,Entry,2577.7557
Env2,8,173,1,1,1,8,Entry,5123.5464
Env2,120,174,1,3,3,40,Entry,3599.8896
Env2,50,175,1,2,2,10,Entry,6581.3953
Env2,170,176,1,5,5,10,Entry,4256.5762
Env2,152,177,1,4,4,32,Entry,5507.3144
Env2,63,178,1,2,2,23,Entry,5495.8137
Env2,89,179,1,3,3,9,Entry,5217.3913
Env2,77,180,1,2,2,37,Entry,5553.5893
Env2,105,181,1,3,3,25,Entry,2682.8272
Env2,55,182,1,2,2,15,Entry,2945.4081
Env2,184,183,1,5,5,24,Entry,3515.5513
Env2,70,184,1,2,2,30,Entry,7181.4436
Env2,110,185,1,3,3,30,Entry,3217.0543
Env2,174,186,1,5,5,14,Entry,6026.0201
Env2,65,187,1,2,2,25,Entry,5285.3055
Env2,139,188,1,4,4,19,Entry,4697.6745
Env2,179,189,1,5,5,19,Entry,4228.7816
Env2,108,190,1,3,3,28,Entry,3974.856
Env2,149,191,1,4,4,29,Entry,4690.8678
Env2,175,192,1,5,5,15,Entry,5338.5064
Env2,173,193,1,5,5,13,Check,5105.0799
Env2,143,194,1,4,4,23,Check,4724.8061
Env2,90,195,1,3,3,10,Check,4933.5884
Env2,9,196,1,1,1,9,Check,5794.2453
Env2,111,197,1,3,3,31,Check,5004.4903
Env2,48,198,1,2,2,8,Check,5470.0436
Env2,74,199,1,2,2,34,Check,5402.9262
Env2,25,200,1,1,1,25,Check,5062.9844
Env2,396,1,2,5,10,36,Entry,6762.2951
Env2,237,2,2,1,6,37,Entry,3751.5168
Env2,230,3,2,1,6,30,Entry,5027.8686
Env2,241,4,2,2,7,1,Entry,5683.8662
Env2,216,5,2,1,6,16,Entry,4544.3374
Env2,381,6,2,5,10,21,Entry,4808.3819
Env2,319,7,2,3,8,39,Entry,4053.5079
Env2,336,8,2,4,9,16,Entry,6049.856
Env2,320,9,2,3,8,40,Entry,4180.5331
Env2,256,10,2,2,7,16,Entry,4348.9421
Env2,347,11,2,4,9,27,Entry,5061.0956
Env2,262,12,2,2,7,22,Entry,3650.3321
Env2,374,13,2,5,10,14,Entry,5454.4571
Env2,297,14,2,3,8,17,Entry,6308.6882
Env2,364,15,2,5,10,4,Entry,4575.8794
Env2,359,16,2,4,9,39,Entry,4074.2396
Env2,334,17,2,4,9,14,Entry,5023.256
Env2,370,18,2,5,10,10,Entry,4615.3266
Env2,290,19,2,3,8,10,Entry,4575.5341
Env2,246,20,2,2,7,6,Entry,6273.2067
Env2,354,21,2,4,9,34,Entry,5223.1046
Env2,300,22,2,3,8,20,Entry,5143.8707
Env2,236,23,2,1,6,36,Entry,5432.1049
Env2,243,24,2,2,7,3,Entry,7771.4867
Env2,277,25,2,2,7,37,Entry,5011.628
Env2,248,26,2,2,7,8,Entry,4422.0247
Env2,245,27,2,2,7,5,Entry,3700.0453
Env2,346,28,2,4,9,26,Entry,5083.7009
Env2,202,29,2,1,6,2,Entry,4698.9553
Env2,350,30,2,4,9,30,Entry,5677.9823
Env2,352,31,2,4,9,32,Entry,4664.1861
Env2,274,32,2,2,7,34,Entry,6201.2218
Env2,386,33,2,5,10,26,Entry,4940.9075
Env2,362,34,2,5,10,2,Entry,4871.2623
Env2,218,35,2,1,6,18,Entry,4571.1018
Env2,375,36,2,5,10,15,Entry,4487.1433
Env2,317,37,2,3,8,37,Entry,5530.8807
Env2,249,38,2,2,7,9,Entry,4964.4436
Env2,398,39,2,5,10,38,Entry,4768.6432
Env2,260,40,2,2,7,20,Entry,5039.4005
Env2,399,41,2,5,10,39,Entry,4502.9546
Env2,209,42,2,1,6,9,Entry,4661.0169
Env2,308,43,2,3,8,28,Entry,6079.7695
Env2,376,44,2,5,10,16,Entry,5513.646
Env2,340,45,2,4,9,20,Entry,5400
Env2,329,46,2,4,9,9,Entry,4130.6402
Env2,213,47,2,1,6,13,Entry,5670.7847
Env2,265,48,2,2,7,25,Entry,4055.587
Env2,333,49,2,4,9,13,Entry,5029.07
Env2,215,50,2,1,6,15,Entry,6021.8389
Env2,225,51,2,1,6,25,Entry,5314.4593
Env2,233,52,2,1,6,33,Entry,5164.6491
Env2,287,53,2,3,8,7,Entry,5229.7448
Env2,252,54,2,2,7,12,Entry,5703.6072
Env2,313,55,2,3,8,33,Entry,4830.6684
Env2,380,56,2,5,10,20,Entry,4228.3298
Env2,310,57,2,3,8,30,Entry,3672.8535
Env2,384,58,2,5,10,24,Entry,3555.1061
Env2,296,59,2,3,8,16,Entry,4755.5158
Env2,394,60,2,5,10,34,Entry,4536.9603
Env2,372,61,2,5,10,12,Entry,5479.6511
Env2,325,62,2,4,9,5,Entry,5116.7515
Env2,377,63,2,5,10,17,Entry,4975.2192
Env2,254,64,2,2,7,14,Entry,6322.6744
Env2,311,65,2,3,8,31,Entry,5349.8146
Env2,332,66,2,4,9,12,Entry,3224.5456
Env2,351,67,2,4,9,31,Entry,5540.5008
Env2,229,68,2,1,6,29,Entry,4868.1049
Env2,322,69,2,4,9,2,Entry,3802.3256
Env2,339,70,2,4,9,19,Entry,4111.9653
Env2,261,71,2,2,7,21,Entry,5326.5923
Env2,258,72,2,2,7,18,Entry,4166.6667
Env2,272,73,2,2,7,32,Entry,4069.7676
Env2,348,74,2,4,9,28,Entry,5414.6942
Env2,227,75,2,1,6,27,Entry,3819.1044
Env2,276,76,2,2,7,36,Entry,4702.4626
Env2,305,77,2,3,8,25,Entry,3888.9153
Env2,280,78,2,2,7,40,Entry,4462.4645
Env2,335,79,2,4,9,15,Entry,4970.4204
Env2,203,80,2,1,6,3,Entry,3989.5254
Env2,314,81,2,3,8,34,Entry,5058.1395
Env2,234,82,2,1,6,34,Entry,2490.2243
Env2,298,83,2,3,8,18,Entry,5224.2182
Env2,307,84,2,3,8,27,Entry,4116.4779
Env2,303,85,2,3,8,23,Entry,5023.1066
Env2,239,86,2,1,6,39,Entry,4672.3045
Env2,293,87,2,3,8,13,Entry,5343.7075
Env2,378,88,2,5,10,18,Entry,4062.1176
Env2,316,89,2,3,8,36,Entry,4779.6946
Env2,400,90,2,5,10,40,Entry,6435.9993
Env2,222,91,2,1,6,22,Entry,3611.323
Env2,283,92,2,3,8,3,Entry,5223.6138
Env2,267,93,2,2,7,27,Entry,4756.0781
Env2,221,94,2,1,6,21,Entry,5444.525
Env2,223,95,2,1,6,23,Entry,5370.5806
Env2,304,96,2,3,8,24,Entry,5190.1646
Env2,284,97,2,3,8,4,Entry,4524.6238
Env2,204,98,2,1,6,4,Entry,5182.52
Env2,242,99,2,2,7,2,Entry,5414.2443
Env2,397,100,2,5,10,37,Entry,4466.2601
Env2,344,101,2,4,9,24,Entry,5152.2027
Env2,345,102,2,4,9,25,Entry,5818.7587
Env2,328,103,2,4,9,8,Entry,4828.2024
Env2,271,104,2,2,7,31,Entry,6587.2566
Env2,226,105,2,1,6,26,Entry,5281.0078
Env2,238,106,2,1,6,38,Entry,4975.9755
Env2,232,107,2,1,6,32,Entry,5118.6427
Env2,365,108,2,5,10,5,Entry,6113.6898
Env2,219,109,2,1,6,19,Entry,4831.9328
Env2,330,110,2,4,9,10,Entry,5112.3706
Env2,302,111,2,3,8,22,Entry,5749.1523
Env2,214,112,2,1,6,14,Entry,5134.4771
Env2,331,113,2,4,9,11,Entry,5052.3255
Env2,288,114,2,3,8,8,Entry,3851.8665
Env2,383,115,2,5,10,23,Entry,4987.5074
Env2,205,116,2,1,6,5,Entry,4728.7601
Env2,390,117,2,5,10,30,Entry,4964.4436
Env2,210,118,2,1,6,10,Entry,5123.2464
Env2,306,119,2,3,8,26,Entry,6867.0058
Env2,250,120,2,2,7,10,Entry,5098.9309
Env2,289,121,2,3,8,9,Entry,6497.0931
Env2,356,122,2,4,9,36,Entry,3925.6198
Env2,327,123,2,4,9,7,Entry,4507.6896
Env2,247,124,2,2,7,7,Entry,8916.2793
Env2,257,125,2,2,7,17,Entry,7041.1302
Env2,355,126,2,4,9,35,Entry,5447.4754
Env2,253,127,2,2,7,13,Entry,4852.9554
Env2,312,128,2,3,8,32,Entry,4382.8265
Env2,353,129,2,4,9,33,Entry,4316.1216
Env2,231,130,2,1,6,31,Entry,5934.2081
Env2,244,131,2,2,7,4,Entry,5443.1369
Env2,235,132,2,1,6,35,Entry,5628.1906
Env2,278,133,2,2,7,38,Entry,5768.0538
Env2,266,134,2,2,7,26,Entry,5412.5582
Env2,275,135,2,2,7,35,Entry,5990.9929
Env2,324,136,2,4,9,4,Entry,5668.6046
Env2,294,137,2,3,8,14,Entry,4707.8368
Env2,301,138,2,3,8,21,Entry,5284.5528
Env2,217,139,2,1,6,17,Entry,4774.4585
Env2,206,140,2,1,6,6,Entry,5860.3715
Env2,367,141,2,5,10,7,Entry,5004.8048
Env2,338,142,2,4,9,18,Entry,5071.3311
Env2,268,143,2,2,7,28,Entry,5052.9015
Env2,342,144,2,4,9,22,Entry,4343.3091
Env2,212,145,2,1,6,12,Entry,5329.4573
Env2,299,146,2,3,8,19,Entry,6190.4305
Env2,369,147,2,5,10,9,Entry,5441.2644
Env2,326,148,2,4,9,6,Entry,6404.9587
Env2,366,149,2,5,10,6,Entry,3471.1627
Env2,361,150,2,5,10,1,Entry,5089.1657
Env2,343,151,2,4,9,23,Entry,5886.6279
Env2,318,152,2,3,8,38,Entry,4935.6139
Env2,224,153,2,1,6,24,Entry,4466.5696
Env2,240,154,2,1,6,40,Entry,5277.281
Env2,371,155,2,5,10,11,Entry,5670.7847
Env2,323,156,2,4,9,3,Entry,4578.0038
Env2,368,157,2,5,10,8,Entry,6924.7117
Env2,395,158,2,5,10,35,Entry,5436.2846
Env2,363,159,2,5,10,3,Entry,5454.4571
Env2,286,160,2,3,8,6,Entry,5520.7056
Env2,269,161,2,2,7,29,Entry,5428.8413
Env2,388,162,2,5,10,28,Entry,4413.6733
Env2,255,163,2,2,7,15,Entry,5496.8287
Env2,382,164,2,5,10,22,Entry,5329.4573
Env2,389,165,2,5,10,29,Entry,3447.3464
Env2,315,166,2,3,8,35,Entry,4834.9512
Env2,385,167,2,5,10,25,Entry,5047.1404
Env2,282,168,2,3,8,2,Entry,5176.8615
Env2,273,169,2,2,7,33,Entry,4734.1521
Env2,360,170,2,4,9,40,Entry,4877.1484
Env2,220,171,2,1,6,20,Entry,4620.6394
Env2,341,172,2,4,9,21,Entry,3465.7338
Env2,251,173,2,2,7,11,Entry,4170.6707
Env2,281,174,2,3,8,1,Entry,3829.6022
Env2,321,175,2,4,9,1,Entry,4999.0388
Env2,292,176,2,3,8,12,Entry,4591.9943
Env2,208,177,2,1,6,8,Entry,4817.2416
Env2,264,178,2,2,7,24,Entry,4783.8267
Env2,392,179,2,5,10,32,Entry,4268.4108
Env2,358,180,2,4,9,38,Entry,6118.6849
Env2,201,181,2,1,6,1,Entry,1856.2367
Env2,387,182,2,5,10,27,Entry,3287.9764
Env2,379,183,2,5,10,19,Entry,3012.9959
Env2,391,184,2,5,10,31,Entry,6203.914
Env2,349,185,2,4,9,29,Entry,3328.8486
Env2,295,186,2,3,8,15,Entry,5671.2042
Env2,291,187,2,3,8,11,Entry,6088.1522
Env2,285,188,2,3,8,5,Entry,4762.438
Env2,228,189,2,1,6,28,Entry,3803.4677
Env2,263,190,2,2,7,23,Entry,3146.8022
Env2,270,191,2,2,7,30,Entry,5717.5272
Env2,207,192,2,1,6,7,Entry,4565.8597
Env2,309,193,2,3,8,29,Check,5054.8815
Env2,393,194,2,5,10,33,Check,5104.935
Env2,211,195,2,1,6,11,Check,4746.5404
Env2,373,196,2,5,10,13,Check,4266.8504
Env2,357,197,2,4,9,37,Check,3939.554
Env2,259,198,2,2,7,19,Check,4420.7848
Env2,279,199,2,2,7,39,Check,6914.4121
Env2,337,200,2,4,9,17,Check,5336.2665